party_id,full_name,street_address,city,state,zip5,phone_e164,party_latitude,party_longitude,incident_date,report_filing_date,line_type_reported,rnd_response,on_national_dnc,dnc_scrub_age_days,consent_on_file,consent_revoked,fixture_note
P001,Dara Ellingsworth,118 Quillfeather Ln,Rockville,MD,20850,+13015550101,39.084,-77.1528,2026-08-20,2026-08-21,wireless,NO,false,3,true,false,
P002,Marcus Vandeleur,4402 Tinder Row,Silver Spring,MD,20901,+13015550102,39.0023,-77.0208,2026-07-23,2026-07-25,landline,NO,false,5,false,false,
P003,Junia Okpara,77 Bellwether Ct,Bethesda,MD,20814,+12405550103,38.9847,-77.0947,2026-07-02,2026-07-03,wireless,NO,false,2,true,true,
P004,Theo Marchetti,9 Ashgrove Terr,Gaithersburg,MD,20877,+13015550104,39.1434,-77.2014,2026-08-24,2026-08-25,wireless,NO,true,4,true,false,
P005,Wren Calloway,2210 Foxbridge Way,Wheaton,MD,20902,+12405550105,39.0398,-77.0553,2026-08-07,2026-08-08,voip,NO,false,6,true,false,
P006,Ilse Brantwood,615 Marlowe Cross,Olney,MD,20832,+13015550106,39.1532,-77.0669,2026-07-30,2026-08-01,unknown,NO,false,1,true,false,
P007,Ramona Quesnel,3140 Sandhurst Dr,El Paso,TX,79912,+19155550107,31.8479,-106.5348,2026-07-19,2026-07-21,wireless,NO,false,3,true,false,
P008,Odell Fairbrother,88 Cordgrass Ave,Pensacola,FL,32502,+18505550108,30.4213,-87.2169,2026-05-29,2026-06-01,wireless,NO,false,3,true,false,
P009,Sabine Trelawny,506 Heronwood Pl,Orlando,FL,32801,+14075550109,28.5421,-81.379,2026-08-11,2026-08-12,wireless,NO,false,2,true,false,
P010,Casper Nunnelly,1712 Palmetto Reach,Tampa,FL,33602,+18135550110,27.9518,-82.4573,2026-06-05,2026-06-07,landline,NO,false,4,true,false,
P011,Verity Ashcombe,233 Longspur Trace,Austin,TX,78701,+15125550111,30.2688,-97.7431,2026-08-17,2026-08-18,wireless,NO,false,2,true,false,
P012,Bram Steadwell,4019 Kestrel Bend,Houston,TX,77002,+17135550112,29.7601,-95.3698,2026-07-16,2026-07-18,wireless,NO,false,3,true,false,
P013,Noor Halvorsen,820 Winnowing St,Rockville,MD,20852,+13015550113,39.0512,-77.1201,2026-08-03,2026-08-04,wireless,NO_DATA,false,2,true,false,
P014,Piers Oduya,17 Cattersley Mews,Silver Spring,MD,20910,+12405550114,38.9944,-77.0289,2026-07-27,2026-07-28,wireless,YES,false,2,true,false,
P015,Elke Vantrease,3300 Rushmere Ln,Bethesda,MD,20817,+13015550115,38.9912,-77.1414,2026-07-11,2026-07-13,landline,NO,true,3,true,false,
P016,Ozias Kettleburn,141 Draypool Rd,Germantown,MD,20874,+12405550116,39.1732,-77.2717,2026-08-13,2026-08-14,wireless,NO,false,45,true,false,
P017,Linnea Fitzwarren,2604 Sablewood Ct,Rockville,MD,20853,+13015550117,39.0918,-77.0898,2026-07-22,2026-07-24,wireless,NO,false,2,false,false,
P018,Hollis Barrowman,58 Grindlewood Ave,Takoma Park,MD,20912,+12405550118,38.9779,-77.0075,2026-08-05,2026-08-06,wireless,NO,false,2,true,true,
P019,Cressida Naylon,9902 Farhill Bypass,Cumberland,MD,21502,+13015550119,39.6529,-78.7625,2026-08-02,2026-08-03,wireless,NO,false,2,true,false,coordinate far outside Montgomery County
P020,Ferris Aldencourt,74 Stonelap Hollow,Poolesville,MD,20837,+13015550120,39.1462,-77.4166,2026-08-10,2026-08-11,wireless,NO,false,2,true,false,nearest road is ~400m away
P021,Marisol Tenbrook,410 Wickersham Row,Rockville,MD,20851,+13015550121,39.0765,-77.136,2026-07-08,2026-07-10,wireless,NO,false,2,true,false,
P022,Anselm Pryde,1229 Halloway Reach,Silver Spring,MD,20904,+12405550122,39.0653,-76.9822,2026-06-30,2026-07-02,landline,NO,false,3,true,false,
P023,Delphine Ravensby,36 Crowther Gate,Bethesda,MD,20816,+13015550123,38.9603,-77.1215,2026-06-23,2026-06-25,wireless,NO,false,2,true,false,
P024,Idris Halloran,5507 Marchbank Dr,Gaithersburg,MD,20878,+13015550124,39.1157,-77.2405,2026-08-15,2026-08-16,wireless,NO,false,4,true,false,
P025,Solveig Marrable,902 Thistledown Way,Chevy Chase,MD,20815,+12405550125,38.9807,-77.08,2026-07-29,2026-07-30,wireless,NO,false,2,false,false,
P026,Gideon Ashfordly,215 Pennywhistle Ct,Wheaton,MD,20906,+13015550126,39.0605,-77.0508,2026-07-17,2026-07-19,landline,NO,false,6,true,false,
P027,Xiomara Belfount,1140 Ketteridge Ln,Rockville,MD,20855,+12405550127,39.129,-77.166,2026-08-21,2026-08-22,wireless,NO,false,2,true,false,
P028,Rune Ollivander,63 Sparrowgate Rd,Damascus,MD,20872,+13015550128,39.2887,-77.2036,2026-07-05,2026-07-06,wireless,NO,false,3,true,false,
P029,Petra Hollingwood,4820 Ambersley Pl,Kensington,MD,20895,+13015550129,39.0257,-77.0764,2026-08-08,2026-08-09,voip,NO,false,2,true,false,
P030,Caspian Verduyn,7 Rillbank Terrace,Potomac,MD,20854,+12405550130,39.0182,-77.2086,2026-07-24,2026-07-26,wireless,NO,false,2,true,false,
P031,Anneke Sturbridge,2933 Larkfield Dr,Dallas,TX,75201,+12145550131,32.7831,-96.8067,2026-06-27,2026-06-29,wireless,NO,false,2,true,false,
P032,Emrys Callowhill,158 Verdigris Way,San Antonio,TX,78205,+12105550132,29.426,-98.4861,2026-07-12,2026-07-14,landline,NO,false,3,true,false,
P033,Tamsin Ordway,6011 Cindermill Rd,Fort Worth,TX,76102,+18175550133,32.7551,-97.3308,2026-08-04,2026-08-05,wireless,NO,false,2,true,false,
P034,Lucian Ferrabee,44 Quarrystone Ave,Miami,FL,33130,+13055550134,25.7659,-80.2044,2026-06-19,2026-06-21,wireless,NO,false,2,true,false,
P035,Rosalind Kepwick,1806 Turnstile Ct,Jacksonville,FL,32202,+19045550135,30.3268,-81.658,2026-05-22,2026-05-25,landline,NO,false,4,true,false,
P036,Barnaby Wroxeter,329 Mallowdale Ln,St Petersburg,FL,33701,+17275550136,27.7714,-82.639,2026-07-30,2026-08-01,wireless,NO,false,2,true,false,
P037,Freya Danesmoor,9520 Hartsmere Blvd,Rockville,MD,20850,+13015550137,39.09,-77.145,2026-07-20,2026-07-22,wireless,NO,false,2,true,false,
P038,Osgood Trentham,77 Beacontree Row,Silver Spring,MD,20903,+12405550138,39.0186,-76.9958,2026-08-12,2026-08-13,wireless,NO,false,2,true,false,
P039,Ingrid Vasseltine,1315 Coppergate Dr,Bethesda,MD,20852,+13015550139,39.029,-77.118,2026-06-25,2026-06-27,landline,NO,false,3,true,false,
P040,Alaric Penhallow,204 Stiverton Cross,Rockville,MD,20850,+12405550140,39.0836,-77.1512,2026-08-18,2026-08-19,wireless,NO,false,2,true,false,
