# US Census Bureau, National County and Equivalent Entities file, 2020 vintage:
# https://www2.census.gov/geo/docs/reference/codes2020/national_county2020.txt (fetched 2026-09-08).
# Filtered to the three in-scope states. Columns as published; county_geoid = STATEFP || COUNTYFP.
state,state_fips,county_fips,county_geoid,county_name,class_fp
FL,12,001,12001,"Alachua County",H1
FL,12,003,12003,"Baker County",H1
FL,12,005,12005,"Bay County",H1
FL,12,007,12007,"Bradford County",H1
FL,12,009,12009,"Brevard County",H1
FL,12,011,12011,"Broward County",H1
FL,12,013,12013,"Calhoun County",H1
FL,12,015,12015,"Charlotte County",H1
FL,12,017,12017,"Citrus County",H1
FL,12,019,12019,"Clay County",H1
FL,12,021,12021,"Collier County",H1
FL,12,023,12023,"Columbia County",H1
FL,12,027,12027,"DeSoto County",H1
FL,12,029,12029,"Dixie County",H1
FL,12,031,12031,"Duval County",H6
FL,12,033,12033,"Escambia County",H1
FL,12,035,12035,"Flagler County",H1
FL,12,037,12037,"Franklin County",H1
FL,12,039,12039,"Gadsden County",H1
FL,12,041,12041,"Gilchrist County",H1
FL,12,043,12043,"Glades County",H1
FL,12,045,12045,"Gulf County",H1
FL,12,047,12047,"Hamilton County",H1
FL,12,049,12049,"Hardee County",H1
FL,12,051,12051,"Hendry County",H1
FL,12,053,12053,"Hernando County",H1
FL,12,055,12055,"Highlands County",H1
FL,12,057,12057,"Hillsborough County",H1
FL,12,059,12059,"Holmes County",H1
FL,12,061,12061,"Indian River County",H1
FL,12,063,12063,"Jackson County",H1
FL,12,065,12065,"Jefferson County",H1
FL,12,067,12067,"Lafayette County",H1
FL,12,069,12069,"Lake County",H1
FL,12,071,12071,"Lee County",H1
FL,12,073,12073,"Leon County",H1
FL,12,075,12075,"Levy County",H1
FL,12,077,12077,"Liberty County",H1
FL,12,079,12079,"Madison County",H1
FL,12,081,12081,"Manatee County",H1
FL,12,083,12083,"Marion County",H1
FL,12,085,12085,"Martin County",H1
FL,12,086,12086,"Miami-Dade County",H1
FL,12,087,12087,"Monroe County",H1
FL,12,089,12089,"Nassau County",H1
FL,12,091,12091,"Okaloosa County",H1
FL,12,093,12093,"Okeechobee County",H1
FL,12,095,12095,"Orange County",H1
FL,12,097,12097,"Osceola County",H1
FL,12,099,12099,"Palm Beach County",H1
FL,12,101,12101,"Pasco County",H1
FL,12,103,12103,"Pinellas County",H1
FL,12,105,12105,"Polk County",H1
FL,12,107,12107,"Putnam County",H1
FL,12,109,12109,"St. Johns County",H1
FL,12,111,12111,"St. Lucie County",H1
FL,12,113,12113,"Santa Rosa County",H1
FL,12,115,12115,"Sarasota County",H1
FL,12,117,12117,"Seminole County",H1
FL,12,119,12119,"Sumter County",H1
FL,12,121,12121,"Suwannee County",H1
FL,12,123,12123,"Taylor County",H1
FL,12,125,12125,"Union County",H1
FL,12,127,12127,"Volusia County",H1
FL,12,129,12129,"Wakulla County",H1
FL,12,131,12131,"Walton County",H1
FL,12,133,12133,"Washington County",H1
MD,24,001,24001,"Allegany County",H1
MD,24,003,24003,"Anne Arundel County",H1
MD,24,005,24005,"Baltimore County",H1
MD,24,009,24009,"Calvert County",H1
MD,24,011,24011,"Caroline County",H1
MD,24,013,24013,"Carroll County",H1
MD,24,015,24015,"Cecil County",H1
MD,24,017,24017,"Charles County",H1
MD,24,019,24019,"Dorchester County",H1
MD,24,021,24021,"Frederick County",H1
MD,24,023,24023,"Garrett County",H1
MD,24,025,24025,"Harford County",H1
MD,24,027,24027,"Howard County",H1
MD,24,029,24029,"Kent County",H1
MD,24,031,24031,"Montgomery County",H1
MD,24,033,24033,"Prince George's County",H1
MD,24,035,24035,"Queen Anne's County",H1
MD,24,037,24037,"St. Mary's County",H1
MD,24,039,24039,"Somerset County",H1
MD,24,041,24041,"Talbot County",H1
MD,24,043,24043,"Washington County",H1
MD,24,045,24045,"Wicomico County",H1
MD,24,047,24047,"Worcester County",H1
MD,24,510,24510,"Baltimore city",C7
TX,48,001,48001,"Anderson County",H1
TX,48,003,48003,"Andrews County",H1
TX,48,005,48005,"Angelina County",H1
TX,48,007,48007,"Aransas County",H1
TX,48,009,48009,"Archer County",H1
TX,48,011,48011,"Armstrong County",H1
TX,48,013,48013,"Atascosa County",H1
TX,48,015,48015,"Austin County",H1
TX,48,017,48017,"Bailey County",H1
TX,48,019,48019,"Bandera County",H1
TX,48,021,48021,"Bastrop County",H1
TX,48,023,48023,"Baylor County",H1
TX,48,025,48025,"Bee County",H1
TX,48,027,48027,"Bell County",H1
TX,48,029,48029,"Bexar County",H1
TX,48,031,48031,"Blanco County",H1
TX,48,033,48033,"Borden County",H1
TX,48,035,48035,"Bosque County",H1
TX,48,037,48037,"Bowie County",H1
TX,48,039,48039,"Brazoria County",H1
TX,48,041,48041,"Brazos County",H1
TX,48,043,48043,"Brewster County",H1
TX,48,045,48045,"Briscoe County",H1
TX,48,047,48047,"Brooks County",H1
TX,48,049,48049,"Brown County",H1
TX,48,051,48051,"Burleson County",H1
TX,48,053,48053,"Burnet County",H1
TX,48,055,48055,"Caldwell County",H1
TX,48,057,48057,"Calhoun County",H1
TX,48,059,48059,"Callahan County",H1
TX,48,061,48061,"Cameron County",H1
TX,48,063,48063,"Camp County",H1
TX,48,065,48065,"Carson County",H1
TX,48,067,48067,"Cass County",H1
TX,48,069,48069,"Castro County",H1
TX,48,071,48071,"Chambers County",H1
TX,48,073,48073,"Cherokee County",H1
TX,48,075,48075,"Childress County",H1
TX,48,077,48077,"Clay County",H1
TX,48,079,48079,"Cochran County",H1
TX,48,081,48081,"Coke County",H1
TX,48,083,48083,"Coleman County",H1
TX,48,085,48085,"Collin County",H1
TX,48,087,48087,"Collingsworth County",H1
TX,48,089,48089,"Colorado County",H1
TX,48,091,48091,"Comal County",H1
TX,48,093,48093,"Comanche County",H1
TX,48,095,48095,"Concho County",H1
TX,48,097,48097,"Cooke County",H1
TX,48,099,48099,"Coryell County",H1
TX,48,101,48101,"Cottle County",H1
TX,48,103,48103,"Crane County",H1
TX,48,105,48105,"Crockett County",H1
TX,48,107,48107,"Crosby County",H1
TX,48,109,48109,"Culberson County",H1
TX,48,111,48111,"Dallam County",H1
TX,48,113,48113,"Dallas County",H1
TX,48,115,48115,"Dawson County",H1
TX,48,117,48117,"Deaf Smith County",H1
TX,48,119,48119,"Delta County",H1
TX,48,121,48121,"Denton County",H1
TX,48,123,48123,"DeWitt County",H1
TX,48,125,48125,"Dickens County",H1
TX,48,127,48127,"Dimmit County",H1
TX,48,129,48129,"Donley County",H1
TX,48,131,48131,"Duval County",H1
TX,48,133,48133,"Eastland County",H1
TX,48,135,48135,"Ector County",H1
TX,48,137,48137,"Edwards County",H1
TX,48,139,48139,"Ellis County",H1
TX,48,141,48141,"El Paso County",H1
TX,48,143,48143,"Erath County",H1
TX,48,145,48145,"Falls County",H1
TX,48,147,48147,"Fannin County",H1
TX,48,149,48149,"Fayette County",H1
TX,48,151,48151,"Fisher County",H1
TX,48,153,48153,"Floyd County",H1
TX,48,155,48155,"Foard County",H1
TX,48,157,48157,"Fort Bend County",H1
TX,48,159,48159,"Franklin County",H1
TX,48,161,48161,"Freestone County",H1
TX,48,163,48163,"Frio County",H1
TX,48,165,48165,"Gaines County",H1
TX,48,167,48167,"Galveston County",H1
TX,48,169,48169,"Garza County",H1
TX,48,171,48171,"Gillespie County",H1
TX,48,173,48173,"Glasscock County",H1
TX,48,175,48175,"Goliad County",H1
TX,48,177,48177,"Gonzales County",H1
TX,48,179,48179,"Gray County",H1
TX,48,181,48181,"Grayson County",H1
TX,48,183,48183,"Gregg County",H1
TX,48,185,48185,"Grimes County",H1
TX,48,187,48187,"Guadalupe County",H1
TX,48,189,48189,"Hale County",H1
TX,48,191,48191,"Hall County",H1
TX,48,193,48193,"Hamilton County",H1
TX,48,195,48195,"Hansford County",H1
TX,48,197,48197,"Hardeman County",H1
TX,48,199,48199,"Hardin County",H1
TX,48,201,48201,"Harris County",H1
TX,48,203,48203,"Harrison County",H1
TX,48,205,48205,"Hartley County",H1
TX,48,207,48207,"Haskell County",H1
TX,48,209,48209,"Hays County",H1
TX,48,211,48211,"Hemphill County",H1
TX,48,213,48213,"Henderson County",H1
TX,48,215,48215,"Hidalgo County",H1
TX,48,217,48217,"Hill County",H1
TX,48,219,48219,"Hockley County",H1
TX,48,221,48221,"Hood County",H1
TX,48,223,48223,"Hopkins County",H1
TX,48,225,48225,"Houston County",H1
TX,48,227,48227,"Howard County",H1
TX,48,229,48229,"Hudspeth County",H1
TX,48,231,48231,"Hunt County",H1
TX,48,233,48233,"Hutchinson County",H1
TX,48,235,48235,"Irion County",H1
TX,48,237,48237,"Jack County",H1
TX,48,239,48239,"Jackson County",H1
TX,48,241,48241,"Jasper County",H1
TX,48,243,48243,"Jeff Davis County",H1
TX,48,245,48245,"Jefferson County",H1
TX,48,247,48247,"Jim Hogg County",H1
TX,48,249,48249,"Jim Wells County",H1
TX,48,251,48251,"Johnson County",H1
TX,48,253,48253,"Jones County",H1
TX,48,255,48255,"Karnes County",H1
TX,48,257,48257,"Kaufman County",H1
TX,48,259,48259,"Kendall County",H1
TX,48,261,48261,"Kenedy County",H1
TX,48,263,48263,"Kent County",H1
TX,48,265,48265,"Kerr County",H1
TX,48,267,48267,"Kimble County",H1
TX,48,269,48269,"King County",H1
TX,48,271,48271,"Kinney County",H1
TX,48,273,48273,"Kleberg County",H1
TX,48,275,48275,"Knox County",H1
TX,48,277,48277,"Lamar County",H1
TX,48,279,48279,"Lamb County",H1
TX,48,281,48281,"Lampasas County",H1
TX,48,283,48283,"La Salle County",H1
TX,48,285,48285,"Lavaca County",H1
TX,48,287,48287,"Lee County",H1
TX,48,289,48289,"Leon County",H1
TX,48,291,48291,"Liberty County",H1
TX,48,293,48293,"Limestone County",H1
TX,48,295,48295,"Lipscomb County",H1
TX,48,297,48297,"Live Oak County",H1
TX,48,299,48299,"Llano County",H1
TX,48,301,48301,"Loving County",H1
TX,48,303,48303,"Lubbock County",H1
TX,48,305,48305,"Lynn County",H1
TX,48,307,48307,"McCulloch County",H1
TX,48,309,48309,"McLennan County",H1
TX,48,311,48311,"McMullen County",H1
TX,48,313,48313,"Madison County",H1
TX,48,315,48315,"Marion County",H1
TX,48,317,48317,"Martin County",H1
TX,48,319,48319,"Mason County",H1
TX,48,321,48321,"Matagorda County",H1
TX,48,323,48323,"Maverick County",H1
TX,48,325,48325,"Medina County",H1
TX,48,327,48327,"Menard County",H1
TX,48,329,48329,"Midland County",H1
TX,48,331,48331,"Milam County",H1
TX,48,333,48333,"Mills County",H1
TX,48,335,48335,"Mitchell County",H1
TX,48,337,48337,"Montague County",H1
TX,48,339,48339,"Montgomery County",H1
TX,48,341,48341,"Moore County",H1
TX,48,343,48343,"Morris County",H1
TX,48,345,48345,"Motley County",H1
TX,48,347,48347,"Nacogdoches County",H1
TX,48,349,48349,"Navarro County",H1
TX,48,351,48351,"Newton County",H1
TX,48,353,48353,"Nolan County",H1
TX,48,355,48355,"Nueces County",H1
TX,48,357,48357,"Ochiltree County",H1
TX,48,359,48359,"Oldham County",H1
TX,48,361,48361,"Orange County",H1
TX,48,363,48363,"Palo Pinto County",H1
TX,48,365,48365,"Panola County",H1
TX,48,367,48367,"Parker County",H1
TX,48,369,48369,"Parmer County",H1
TX,48,371,48371,"Pecos County",H1
TX,48,373,48373,"Polk County",H1
TX,48,375,48375,"Potter County",H1
TX,48,377,48377,"Presidio County",H1
TX,48,379,48379,"Rains County",H1
TX,48,381,48381,"Randall County",H1
TX,48,383,48383,"Reagan County",H1
TX,48,385,48385,"Real County",H1
TX,48,387,48387,"Red River County",H1
TX,48,389,48389,"Reeves County",H1
TX,48,391,48391,"Refugio County",H1
TX,48,393,48393,"Roberts County",H1
TX,48,395,48395,"Robertson County",H1
TX,48,397,48397,"Rockwall County",H1
TX,48,399,48399,"Runnels County",H1
TX,48,401,48401,"Rusk County",H1
TX,48,403,48403,"Sabine County",H1
TX,48,405,48405,"San Augustine County",H1
TX,48,407,48407,"San Jacinto County",H1
TX,48,409,48409,"San Patricio County",H1
TX,48,411,48411,"San Saba County",H1
TX,48,413,48413,"Schleicher County",H1
TX,48,415,48415,"Scurry County",H1
TX,48,417,48417,"Shackelford County",H1
TX,48,419,48419,"Shelby County",H1
TX,48,421,48421,"Sherman County",H1
TX,48,423,48423,"Smith County",H1
TX,48,425,48425,"Somervell County",H1
TX,48,427,48427,"Starr County",H1
TX,48,429,48429,"Stephens County",H1
TX,48,431,48431,"Sterling County",H1
TX,48,433,48433,"Stonewall County",H1
TX,48,435,48435,"Sutton County",H1
TX,48,437,48437,"Swisher County",H1
TX,48,439,48439,"Tarrant County",H1
TX,48,441,48441,"Taylor County",H1
TX,48,443,48443,"Terrell County",H1
TX,48,445,48445,"Terry County",H1
TX,48,447,48447,"Throckmorton County",H1
TX,48,449,48449,"Titus County",H1
TX,48,451,48451,"Tom Green County",H1
TX,48,453,48453,"Travis County",H1
TX,48,455,48455,"Trinity County",H1
TX,48,457,48457,"Tyler County",H1
TX,48,459,48459,"Upshur County",H1
TX,48,461,48461,"Upton County",H1
TX,48,463,48463,"Uvalde County",H1
TX,48,465,48465,"Val Verde County",H1
TX,48,467,48467,"Van Zandt County",H1
TX,48,469,48469,"Victoria County",H1
TX,48,471,48471,"Walker County",H1
TX,48,473,48473,"Waller County",H1
TX,48,475,48475,"Ward County",H1
TX,48,477,48477,"Washington County",H1
TX,48,479,48479,"Webb County",H1
TX,48,481,48481,"Wharton County",H1
TX,48,483,48483,"Wheeler County",H1
TX,48,485,48485,"Wichita County",H1
TX,48,487,48487,"Wilbarger County",H1
TX,48,489,48489,"Willacy County",H1
TX,48,491,48491,"Williamson County",H1
TX,48,493,48493,"Wilson County",H1
TX,48,495,48495,"Winkler County",H1
TX,48,497,48497,"Wise County",H1
TX,48,499,48499,"Wood County",H1
TX,48,501,48501,"Yoakum County",H1
TX,48,503,48503,"Young County",H1
TX,48,505,48505,"Zapata County",H1
TX,48,507,48507,"Zavala County",H1
